mean_fit_time,std_fit_time,mean_score_time,std_score_time,param_criterion,param_max_depth,param_max_features,param_n_estimators,params,split0_test_score,split1_test_score,split2_test_score,split3_test_score,split4_test_score,mean_test_score,std_test_score,rank_test_score
0.43894405364990235,0.05698431433813085,0.030800390243530273,0.01319047391579412,gini,,sqrt,100,"{'criterion': 'gini', 'max_depth': None, 'max_features': 'sqrt', 'n_estimators': 100}",1.0,0.9810309844103142,0.9810309844103142,0.9812170342313002,0.9810309844103142,0.9848619974924485,0.007569344235800193,10
0.8107601642608643,0.10230920579062767,0.03763670921325683,0.01540961689373417,gini,,sqrt,200,"{'criterion': 'gini', 'max_depth': None, 'max_features': 'sqrt', 'n_estimators': 200}",0.9813782567405757,0.9810309844103142,0.9810309844103142,0.9812170342313002,0.9810309844103142,0.9811376488405639,0.00014023273786951243,28
0.4754671573638916,0.0399205786249221,0.0370086669921875,0.007571209995996835,gini,,log2,100,"{'criterion': 'gini', 'max_depth': None, 'max_features': 'log2', 'n_estimators': 100}",1.0,0.9810309844103142,1.0,0.9812170342313002,0.9810309844103142,0.9886558006103858,0.00926274914909184,1
0.8647739887237549,0.032309712142939054,0.04133486747741699,0.012993566200125688,gini,,log2,200,"{'criterion': 'gini', 'max_depth': None, 'max_features': 'log2', 'n_estimators': 200}",1.0,0.9810309844103142,0.9810309844103142,0.9812170342313002,0.9810309844103142,0.9848619974924485,0.007569344235800193,10
0.5920501708984375,0.06181591251299295,0.022346305847167968,0.011727215281490061,gini,,,100,"{'criterion': 'gini', 'max_depth': None, 'max_features': None, 'n_estimators': 100}",0.9447073575213365,0.9622641509433962,1.0,0.9067051129359159,0.9810309844103142,0.9589415211621926,0.031987612285585276,49
1.0398720264434815,0.09941791628431801,0.04544510841369629,0.013035896803065935,gini,,,200,"{'criterion': 'gini', 'max_depth': None, 'max_features': None, 'n_estimators': 200}",0.9447073575213365,0.9622641509433962,1.0,0.9067051129359159,0.9810309844103142,0.9589415211621926,0.031987612285585276,49
0.4063085079193115,0.050445248050335026,0.03214197158813477,0.0010577594900940859,gini,10,sqrt,100,"{'criterion': 'gini', 'max_depth': 10, 'max_features': 'sqrt', 'n_estimators': 100}",1.0,0.9810309844103142,0.9810309844103142,0.9812170342313002,0.9810309844103142,0.9848619974924485,0.007569344235800193,10
0.8166042804718018,0.1584608992506951,0.04072165489196777,0.01682411752751152,gini,10,sqrt,200,"{'criterion': 'gini', 'max_depth': 10, 'max_features': 'sqrt', 'n_estimators': 200}",0.9813782567405757,0.9810309844103142,0.9810309844103142,0.9812170342313002,0.9810309844103142,0.9811376488405639,0.00014023273786951243,28
0.43199954032897947,0.056188789001193985,0.030356884002685547,0.008450600015013363,gini,10,log2,100,"{'criterion': 'gini', 'max_depth': 10, 'max_features': 'log2', 'n_estimators': 100}",1.0,0.9810309844103142,1.0,0.9812170342313002,0.9810309844103142,0.9886558006103858,0.00926274914909184,1
0.8933193206787109,0.06866905931688246,0.03947992324829101,0.01040037053377294,gini,10,log2,200,"{'criterion': 'gini', 'max_depth': 10, 'max_features': 'log2', 'n_estimators': 200}",1.0,0.9810309844103142,0.9810309844103142,0.9812170342313002,0.9810309844103142,0.9848619974924485,0.007569344235800193,10
0.5250051498413086,0.04227338053400593,0.031651782989501956,0.010098977143097045,gini,10,,100,"{'criterion': 'gini', 'max_depth': 10, 'max_features': None, 'n_estimators': 100}",0.9447073575213365,0.9622641509433962,1.0,0.9067051129359159,0.9810309844103142,0.9589415211621926,0.031987612285585276,49
1.00527081489563,0.07094268219614489,0.04126300811767578,0.012045348020018009,gini,10,,200,"{'criterion': 'gini', 'max_depth': 10, 'max_features': None, 'n_estimators': 200}",0.9447073575213365,0.9622641509433962,1.0,0.9067051129359159,0.9810309844103142,0.9589415211621926,0.031987612285585276,49
0.42982797622680663,0.06628260679731565,0.03690319061279297,0.005298933058391254,gini,20,sqrt,100,"{'criterion': 'gini', 'max_depth': 20, 'max_features': 'sqrt', 'n_estimators': 100}",1.0,0.9810309844103142,0.9810309844103142,0.9812170342313002,0.9810309844103142,0.9848619974924485,0.007569344235800193,10
0.8471649169921875,0.026148735993540027,0.03667116165161133,0.007862300584568027,gini,20,sqrt,200,"{'criterion': 'gini', 'max_depth': 20, 'max_features': 'sqrt', 'n_estimators': 200}",0.9813782567405757,0.9810309844103142,0.9810309844103142,0.9812170342313002,0.9810309844103142,0.9811376488405639,0.00014023273786951243,28
0.43791723251342773,0.031876624536706505,0.02648129463195801,0.005488667511609485,gini,20,log2,100,"{'criterion': 'gini', 'max_depth': 20, 'max_features': 'log2', 'n_estimators': 100}",1.0,0.9810309844103142,1.0,0.9812170342313002,0.9810309844103142,0.9886558006103858,0.00926274914909184,1
0.7771078586578369,0.039283311604357524,0.043197107315063474,0.01449705761139383,gini,20,log2,200,"{'criterion': 'gini', 'max_depth': 20, 'max_features': 'log2', 'n_estimators': 200}",1.0,0.9810309844103142,0.9810309844103142,0.9812170342313002,0.9810309844103142,0.9848619974924485,0.007569344235800193,10
0.5466337203979492,0.059836042072066865,0.022403526306152343,0.008597211301209507,gini,20,,100,"{'criterion': 'gini', 'max_depth': 20, 'max_features': None, 'n_estimators': 100}",0.9447073575213365,0.9622641509433962,1.0,0.9067051129359159,0.9810309844103142,0.9589415211621926,0.031987612285585276,49
1.1106523036956788,0.0875150490777398,0.041642045974731444,0.012400788106323165,gini,20,,200,"{'criterion': 'gini', 'max_depth': 20, 'max_features': None, 'n_estimators': 200}",0.9447073575213365,0.9622641509433962,1.0,0.9067051129359159,0.9810309844103142,0.9589415211621926,0.031987612285585276,49
0.49542851448059083,0.022064562834857616,0.03631711006164551,0.00534080017633342,entropy,,sqrt,100,"{'criterion': 'entropy', 'max_depth': None, 'max_features': 'sqrt', 'n_estimators': 100}",1.0,0.9810309844103142,0.9810309844103142,0.9812170342313002,0.9810309844103142,0.9848619974924485,0.007569344235800193,10
0.9428874492645264,0.1037993510546203,0.03814597129821777,0.014878475625238282,entropy,,sqrt,200,"{'criterion': 'entropy', 'max_depth': None, 'max_features': 'sqrt', 'n_estimators': 200}",0.9813782567405757,0.9810309844103142,0.9810309844103142,0.9812170342313002,0.9810309844103142,0.9811376488405639,0.00014023273786951243,28
0.44762473106384276,0.06695879759982096,0.026022863388061524,0.010773895035177299,entropy,,log2,100,"{'criterion': 'entropy', 'max_depth': None, 'max_features': 'log2', 'n_estimators': 100}",1.0,0.9810309844103142,1.0,0.9812170342313002,0.9810309844103142,0.9886558006103858,0.00926274914909184,1
0.89906907081604,0.048769157513904315,0.05393128395080567,0.011210376231847985,entropy,,log2,200,"{'criterion': 'entropy', 'max_depth': None, 'max_features': 'log2', 'n_estimators': 200}",1.0,0.9810309844103142,0.9810309844103142,0.9812170342313002,0.9810309844103142,0.9848619974924485,0.007569344235800193,10
0.6006962299346924,0.0552811249327324,0.03261656761169433,0.00858130804305808,entropy,,,100,"{'criterion': 'entropy', 'max_depth': None, 'max_features': None, 'n_estimators': 100}",0.9447073575213365,0.9622641509433962,0.9810309844103142,0.9622641509433962,0.9810309844103142,0.9662595256457515,0.01365879919285619,37
1.1750042915344239,0.10540500579459335,0.04284071922302246,0.0131544220210174,entropy,,,200,"{'criterion': 'entropy', 'max_depth': None, 'max_features': None, 'n_estimators': 200}",0.9447073575213365,0.9622641509433962,0.9810309844103142,0.9622641509433962,0.9810309844103142,0.9662595256457515,0.01365879919285619,37
0.4519327640533447,0.05202949200740519,0.02913527488708496,0.008672378444977103,entropy,10,sqrt,100,"{'criterion': 'entropy', 'max_depth': 10, 'max_features': 'sqrt', 'n_estimators': 100}",1.0,0.9810309844103142,0.9810309844103142,0.9812170342313002,0.9810309844103142,0.9848619974924485,0.007569344235800193,10
0.9643072128295899,0.03926243335336337,0.03465018272399902,0.009577286577110057,entropy,10,sqrt,200,"{'criterion': 'entropy', 'max_depth': 10, 'max_features': 'sqrt', 'n_estimators': 200}",0.9813782567405757,0.9810309844103142,0.9810309844103142,0.9812170342313002,0.9810309844103142,0.9811376488405639,0.00014023273786951243,28
0.47049918174743655,0.07797590136544665,0.03382320404052734,0.004265222096516665,entropy,10,log2,100,"{'criterion': 'entropy', 'max_depth': 10, 'max_features': 'log2', 'n_estimators': 100}",1.0,0.9810309844103142,1.0,0.9812170342313002,0.9810309844103142,0.9886558006103858,0.00926274914909184,1
0.9339797019958496,0.08304303227685415,0.046535682678222653,0.007975902718691735,entropy,10,log2,200,"{'criterion': 'entropy', 'max_depth': 10, 'max_features': 'log2', 'n_estimators': 200}",1.0,0.9810309844103142,0.9810309844103142,0.9812170342313002,0.9810309844103142,0.9848619974924485,0.007569344235800193,10
0.6098188400268555,0.05770417577669295,0.03056817054748535,0.008744426490601944,entropy,10,,100,"{'criterion': 'entropy', 'max_depth': 10, 'max_features': None, 'n_estimators': 100}",0.9447073575213365,0.9622641509433962,0.9810309844103142,0.9622641509433962,0.9810309844103142,0.9662595256457515,0.01365879919285619,37
1.12347412109375,0.10152765719549034,0.04099197387695312,0.006130289113775158,entropy,10,,200,"{'criterion': 'entropy', 'max_depth': 10, 'max_features': None, 'n_estimators': 200}",0.9447073575213365,0.9622641509433962,0.9810309844103142,0.9622641509433962,0.9810309844103142,0.9662595256457515,0.01365879919285619,37
0.4808485984802246,0.06392020720803725,0.03569097518920898,0.0033041435690922515,entropy,20,sqrt,100,"{'criterion': 'entropy', 'max_depth': 20, 'max_features': 'sqrt', 'n_estimators': 100}",1.0,0.9810309844103142,0.9810309844103142,0.9812170342313002,0.9810309844103142,0.9848619974924485,0.007569344235800193,10
0.8966466426849365,0.08779302058694338,0.037049293518066406,0.008974598234409081,entropy,20,sqrt,200,"{'criterion': 'entropy', 'max_depth': 20, 'max_features': 'sqrt', 'n_estimators': 200}",0.9813782567405757,0.9810309844103142,0.9810309844103142,0.9812170342313002,0.9810309844103142,0.9811376488405639,0.00014023273786951243,28
0.4589451789855957,0.04176261104983069,0.027004194259643555,0.007604990432250632,entropy,20,log2,100,"{'criterion': 'entropy', 'max_depth': 20, 'max_features': 'log2', 'n_estimators': 100}",1.0,0.9810309844103142,1.0,0.9812170342313002,0.9810309844103142,0.9886558006103858,0.00926274914909184,1
0.8986218929290771,0.01747844038813006,0.049288177490234376,0.00770220998850448,entropy,20,log2,200,"{'criterion': 'entropy', 'max_depth': 20, 'max_features': 'log2', 'n_estimators': 200}",1.0,0.9810309844103142,0.9810309844103142,0.9812170342313002,0.9810309844103142,0.9848619974924485,0.007569344235800193,10
0.6001368045806885,0.05041014392563114,0.028714466094970702,0.010825090652819691,entropy,20,,100,"{'criterion': 'entropy', 'max_depth': 20, 'max_features': None, 'n_estimators': 100}",0.9447073575213365,0.9622641509433962,0.9810309844103142,0.9622641509433962,0.9810309844103142,0.9662595256457515,0.01365879919285619,37
1.154646921157837,0.1291420384064893,0.036070394515991214,0.013590716672402555,entropy,20,,200,"{'criterion': 'entropy', 'max_depth': 20, 'max_features': None, 'n_estimators': 200}",0.9447073575213365,0.9622641509433962,0.9810309844103142,0.9622641509433962,0.9810309844103142,0.9662595256457515,0.01365879919285619,37
0.4378699779510498,0.03426635765624806,0.03187994956970215,0.005085040264027745,log_loss,,sqrt,100,"{'criterion': 'log_loss', 'max_depth': None, 'max_features': 'sqrt', 'n_estimators': 100}",1.0,0.9810309844103142,0.9810309844103142,0.9812170342313002,0.9810309844103142,0.9848619974924485,0.007569344235800193,10
0.9070018768310547,0.05853315647303464,0.04194345474243164,0.01454376460704446,log_loss,,sqrt,200,"{'criterion': 'log_loss', 'max_depth': None, 'max_features': 'sqrt', 'n_estimators': 200}",0.9813782567405757,0.9810309844103142,0.9810309844103142,0.9812170342313002,0.9810309844103142,0.9811376488405639,0.00014023273786951243,28
0.46434683799743653,0.049672450875274714,0.025515127182006835,0.007906060933423536,log_loss,,log2,100,"{'criterion': 'log_loss', 'max_depth': None, 'max_features': 'log2', 'n_estimators': 100}",1.0,0.9810309844103142,1.0,0.9812170342313002,0.9810309844103142,0.9886558006103858,0.00926274914909184,1
0.8797369480133057,0.07838666910150581,0.04185709953308105,0.01083171711482989,log_loss,,log2,200,"{'criterion': 'log_loss', 'max_depth': None, 'max_features': 'log2', 'n_estimators': 200}",1.0,0.9810309844103142,0.9810309844103142,0.9812170342313002,0.9810309844103142,0.9848619974924485,0.007569344235800193,10
0.6350091457366943,0.04514134776862816,0.02265763282775879,0.008482952084393976,log_loss,,,100,"{'criterion': 'log_loss', 'max_depth': None, 'max_features': None, 'n_estimators': 100}",0.9447073575213365,0.9622641509433962,0.9810309844103142,0.9622641509433962,0.9810309844103142,0.9662595256457515,0.01365879919285619,37
1.1557870864868165,0.06058252901444364,0.0343876838684082,0.014300591045689332,log_loss,,,200,"{'criterion': 'log_loss', 'max_depth': None, 'max_features': None, 'n_estimators': 200}",0.9447073575213365,0.9622641509433962,0.9810309844103142,0.9622641509433962,0.9810309844103142,0.9662595256457515,0.01365879919285619,37
0.4558545112609863,0.037968202161419745,0.03285737037658691,0.0017704694531668252,log_loss,10,sqrt,100,"{'criterion': 'log_loss', 'max_depth': 10, 'max_features': 'sqrt', 'n_estimators': 100}",1.0,0.9810309844103142,0.9810309844103142,0.9812170342313002,0.9810309844103142,0.9848619974924485,0.007569344235800193,10
0.8917047500610351,0.07029646087261089,0.05051684379577637,0.007251639234709027,log_loss,10,sqrt,200,"{'criterion': 'log_loss', 'max_depth': 10, 'max_features': 'sqrt', 'n_estimators': 200}",0.9813782567405757,0.9810309844103142,0.9810309844103142,0.9812170342313002,0.9810309844103142,0.9811376488405639,0.00014023273786951243,28
0.4508972644805908,0.020280440226353245,0.025497817993164064,0.00907002460406303,log_loss,10,log2,100,"{'criterion': 'log_loss', 'max_depth': 10, 'max_features': 'log2', 'n_estimators': 100}",1.0,0.9810309844103142,1.0,0.9812170342313002,0.9810309844103142,0.9886558006103858,0.00926274914909184,1
0.9066136837005615,0.07526774686625859,0.03808050155639649,0.012823777155456953,log_loss,10,log2,200,"{'criterion': 'log_loss', 'max_depth': 10, 'max_features': 'log2', 'n_estimators': 200}",1.0,0.9810309844103142,0.9810309844103142,0.9812170342313002,0.9810309844103142,0.9848619974924485,0.007569344235800193,10
0.5524260520935058,0.06162888337451072,0.029573488235473632,0.008933735741067008,log_loss,10,,100,"{'criterion': 'log_loss', 'max_depth': 10, 'max_features': None, 'n_estimators': 100}",0.9447073575213365,0.9622641509433962,0.9810309844103142,0.9622641509433962,0.9810309844103142,0.9662595256457515,0.01365879919285619,37
1.1658262252807616,0.05239146438138358,0.03807501792907715,0.015149340888623056,log_loss,10,,200,"{'criterion': 'log_loss', 'max_depth': 10, 'max_features': None, 'n_estimators': 200}",0.9447073575213365,0.9622641509433962,0.9810309844103142,0.9622641509433962,0.9810309844103142,0.9662595256457515,0.01365879919285619,37
0.4670210361480713,0.050460742037562664,0.024808740615844725,0.008191927214574363,log_loss,20,sqrt,100,"{'criterion': 'log_loss', 'max_depth': 20, 'max_features': 'sqrt', 'n_estimators': 100}",1.0,0.9810309844103142,0.9810309844103142,0.9812170342313002,0.9810309844103142,0.9848619974924485,0.007569344235800193,10
0.889938497543335,0.05618616741903022,0.04185571670532227,0.008738663921291225,log_loss,20,sqrt,200,"{'criterion': 'log_loss', 'max_depth': 20, 'max_features': 'sqrt', 'n_estimators': 200}",0.9813782567405757,0.9810309844103142,0.9810309844103142,0.9812170342313002,0.9810309844103142,0.9811376488405639,0.00014023273786951243,28
0.4704547882080078,0.021738815750047293,0.028650712966918946,0.006737281210356189,log_loss,20,log2,100,"{'criterion': 'log_loss', 'max_depth': 20, 'max_features': 'log2', 'n_estimators': 100}",1.0,0.9810309844103142,1.0,0.9812170342313002,0.9810309844103142,0.9886558006103858,0.00926274914909184,1
0.833818769454956,0.03182944579268621,0.02820277214050293,0.0089748009647769,log_loss,20,log2,200,"{'criterion': 'log_loss', 'max_depth': 20, 'max_features': 'log2', 'n_estimators': 200}",1.0,0.9810309844103142,0.9810309844103142,0.9812170342313002,0.9810309844103142,0.9848619974924485,0.007569344235800193,10
0.5484418392181396,0.02496742246080688,0.024008989334106445,0.005669845921547327,log_loss,20,,100,"{'criterion': 'log_loss', 'max_depth': 20, 'max_features': None, 'n_estimators': 100}",0.9447073575213365,0.9622641509433962,0.9810309844103142,0.9622641509433962,0.9810309844103142,0.9662595256457515,0.01365879919285619,37
0.7610635757446289,0.028648779650522847,0.020006752014160155,0.00015133541885619647,log_loss,20,,200,"{'criterion': 'log_loss', 'max_depth': 20, 'max_features': None, 'n_estimators': 200}",0.9447073575213365,0.9622641509433962,0.9810309844103142,0.9622641509433962,0.9810309844103142,0.9662595256457515,0.01365879919285619,37
